Naam,Branche,Stad,Website,Email
Mondzorg Maastricht,tandarts,Maastricht,https://www.mondzorgmaastricht.nl/,info@mondzorg-limburg.nl
Tandartspraktijk Bolwerk Tandartsen,tandarts,Maastricht,https://www.bolwerktandartsen.nl/,balie@bolwerktandartsen.nl
De Drietand Tandheelkundig Centrum,tandarts,Maastricht,https://www.dedrietand.nl/,receptie@dedrietand.nl
Dental Clinics Maastricht Centrum,tandarts,Maastricht,https://www.dentalclinics.nl/tandarts/maastricht-centrum/?utm_source=google&utm_medium=organic&utm_campaign=gmb&utm_content=main_button,maastricht@dentalclinics.nl
jouw advocaten B.V.,advocaat,Maastricht,http://www.jouw-advocaten.nl/,welkom@jouw-advocaten.nl
Van Dijk cs Advocaten,advocaat,Maastricht,http://www.vandijkadvocaten.com/,info@vandijkadvocaten.com
Advocatenkantoor Penn B.V.,advocaat,Maastricht,http://www.penn.nl/,advocaat@penn.nl
Bien Schyns advocaten,advocaat,Maastricht,http://www.bienschynsadvocaten.nl/,info@bienschynsadvocaten.nl
Huisartsenpraktijk Nazareth,huisarts,Maastricht,https://www.huisartsenpraktijknazareth.nl/,huisartsennazareth@ezorg.nl
Dr. Moermans Gerd,huisarts,Maastricht,http://www.huisartsenlanakerheide.be/,secretariaat@huisartsenlanakerheide.be
Huisartsenpraktijk Dokters van Hier,huisarts,Maastricht,https://www.doktersvanhier.nl/,doktersvanhier@ezorg.nl
Huisartsenpraktijk Emmaplein,huisarts,Maastricht,https://huisartsenpraktijkemmaplein.nl/,info@huisartsenpraktijkemmaplein.nl
